day,sales
11/12/2014,0
12/12/2014,0
13/12/2014,0
14/12/2014,0
15/12/2014,1
16/12/2014,0
17/12/2014,0
18/12/2014,0
19/12/2014,0
20/12/2014,0
21/12/2014,4
22/12/2014,0
23/12/2014,0
24/12/2014,0
25/12/2014,0
26/12/2014,0
27/12/2014,0
28/12/2014,0
29/12/2014,0
30/12/2014,0
31/12/2014,0
01/01/2015,0
02/01/2015,0
03/01/2015,0
04/01/2015,14
05/01/2015,1
06/01/2015,0
07/01/2015,1
08/01/2015,1
09/01/2015,0
10/01/2015,2
11/01/2015,0
12/01/2015,12
13/01/2015,4
14/01/2015,2
15/01/2015,1
16/01/2015,0
17/01/2015,2
18/01/2015,7
19/01/2015,5
20/01/2015,6
21/01/2015,1
22/01/2015,2
23/01/2015,20
24/01/2015,7
25/01/2015,6
26/01/2015,15
27/01/2015,3
28/01/2015,9
29/01/2015,12
30/01/2015,7
31/01/2015,18
01/02/2015,10
02/02/2015,9
03/02/2015,3
04/02/2015,8
05/02/2015,7
06/02/2015,20
07/02/2015,12
08/02/2015,10
09/02/2015,5
10/02/2015,9
11/02/2015,16
12/02/2015,11
13/02/2015,14
14/02/2015,8
15/02/2015,16
16/02/2015,8
17/02/2015,21
18/02/2015,15
19/02/2015,10
20/02/2015,21
21/02/2015,8
22/02/2015,11
23/02/2015,19
24/02/2015,16
25/02/2015,10
26/02/2015,17
27/02/2015,12
28/02/2015,12
01/03/2015,14
02/03/2015,5
03/03/2015,18
04/03/2015,16
05/03/2015,19
06/03/2015,19
07/03/2015,13
08/03/2015,15
09/03/2015,18
10/03/2015,24
11/03/2015,17
12/03/2015,23
13/03/2015,20
14/03/2015,13
15/03/2015,17
16/03/2015,18
17/03/2015,21
18/03/2015,19
19/03/2015,22
20/03/2015,20
21/03/2015,29
22/03/2015,22
23/03/2015,24
24/03/2015,19
25/03/2015,20
26/03/2015,19
27/03/2015,30
28/03/2015,20
29/03/2015,17
30/03/2015,23
31/03/2015,37
01/04/2015,27
02/04/2015,39
03/04/2015,19
04/04/2015,28
05/04/2015,19
06/04/2015,25
07/04/2015,27
08/04/2015,29
09/04/2015,27
10/04/2015,38
11/04/2015,15
12/04/2015,29
13/04/2015,34
14/04/2015,28
15/04/2015,47
16/04/2015,33
17/04/2015,23
18/04/2015,50
19/04/2015,30
20/04/2015,30
21/04/2015,45
22/04/2015,34
23/04/2015,30
24/04/2015,38
25/04/2015,21
26/04/2015,39
27/04/2015,44
28/04/2015,55
29/04/2015,34
30/04/2015,23
01/05/2015,50
02/05/2015,43
03/05/2015,57
04/05/2015,44
05/05/2015,52
06/05/2015,52
07/05/2015,46
08/05/2015,47
09/05/2015,42
10/05/2015,45
11/05/2015,45
12/05/2015,51
13/05/2015,41
14/05/2015,42
15/05/2015,43
16/05/2015,34
17/05/2015,37
18/05/2015,66
19/05/2015,56
20/05/2015,60
21/05/2015,61
22/05/2015,62
23/05/2015,43
24/05/2015,46
25/05/2015,86
26/05/2015,61
27/05/2015,54
28/05/2015,59
29/05/2015,62
30/05/2015,46
31/05/2015,43
01/06/2015,83
02/06/2015,59
03/06/2015,59
04/06/2015,64
05/06/2015,42
06/06/2015,33
07/06/2015,43
08/06/2015,61
09/06/2015,58
10/06/2015,67
11/06/2015,62
12/06/2015,51
13/06/2015,51
14/06/2015,34
15/06/2015,56
16/06/2015,61
17/06/2015,59
18/06/2015,49
19/06/2015,73
20/06/2015,40
21/06/2015,64
22/06/2015,73
23/06/2015,60
24/06/2015,82
25/06/2015,59
26/06/2015,60
27/06/2015,63
28/06/2015,59
29/06/2015,54
30/06/2015,58
01/07/2015,90
02/07/2015,75
03/07/2015,50
04/07/2015,45
05/07/2015,53
06/07/2015,68
07/07/2015,81
08/07/2015,77
09/07/2015,72
10/07/2015,60
11/07/2015,62
12/07/2015,59
13/07/2015,103
14/07/2015,96
15/07/2015,66
16/07/2015,65
17/07/2015,61
18/07/2015,56
19/07/2015,58
20/07/2015,66
21/07/2015,85
22/07/2015,78
23/07/2015,91
24/07/2015,69
25/07/2015,83
26/07/2015,68
27/07/2015,80
28/07/2015,81
29/07/2015,83
30/07/2015,72
31/07/2015,73
01/08/2015,66
02/08/2015,90
03/08/2015,90
04/08/2015,98
05/08/2015,94
06/08/2015,84
07/08/2015,76
08/08/2015,66
09/08/2015,89
10/08/2015,110
11/08/2015,105
12/08/2015,100
13/08/2015,89
14/08/2015,84
15/08/2015,101
16/08/2015,81
17/08/2015,93
18/08/2015,96
19/08/2015,92
20/08/2015,133
21/08/2015,91
22/08/2015,84
23/08/2015,97
24/08/2015,97
25/08/2015,120
26/08/2015,128
27/08/2015,120
28/08/2015,103
29/08/2015,93
30/08/2015,112
31/08/2015,94
01/09/2015,109
02/09/2015,118
03/09/2015,148
04/09/2015,134
05/09/2015,119
06/09/2015,94
07/09/2015,130
08/09/2015,141
09/09/2015,151
10/09/2015,126
11/09/2015,115
12/09/2015,112
13/09/2015,141
14/09/2015,129
15/09/2015,147
16/09/2015,177
17/09/2015,186
18/09/2015,120
19/09/2015,148
20/09/2015,147
21/09/2015,145
22/09/2015,168
23/09/2015,176
24/09/2015,127
25/09/2015,118
26/09/2015,130
27/09/2015,169
28/09/2015,155
29/09/2015,187
30/09/2015,190
01/10/2015,181
02/10/2015,190
03/10/2015,153
04/10/2015,217
05/10/2015,248
06/10/2015,220
07/10/2015,261
08/10/2015,226
09/10/2015,240
10/10/2015,245
11/10/2015,249
12/10/2015,283
13/10/2015,274
14/10/2015,286
15/10/2015,357
16/10/2015,264
17/10/2015,259
18/10/2015,286
19/10/2015,272
20/10/2015,347
21/10/2015,327
22/10/2015,314
23/10/2015,275
24/10/2015,303
25/10/2015,272
26/10/2015,290
27/10/2015,456
28/10/2015,350
29/10/2015,414
30/10/2015,290
31/10/2015,325
01/11/2015,366
02/11/2015,377
03/11/2015,353
04/11/2015,410
05/11/2015,417
06/11/2015,367
07/11/2015,384
08/11/2015,391
09/11/2015,422
10/11/2015,386
11/11/2015,426
12/11/2015,407
13/11/2015,384
14/11/2015,351
15/11/2015,407
16/11/2015,426
17/11/2015,435
18/11/2015,457
19/11/2015,501
20/11/2015,482
21/11/2015,435
22/11/2015,531
23/11/2015,544
24/11/2015,572
25/11/2015,549
26/11/2015,573
27/11/2015,591
28/11/2015,664
29/11/2015,834
30/11/2015,759
01/12/2015,809
02/12/2015,782
03/12/2015,801
04/12/2015,849
05/12/2015,977
06/12/2015,1043
07/12/2015,1053
08/12/2015,1098
09/12/2015,1020
10/12/2015,1031
11/12/2015,975
12/12/2015,925
13/12/2015,1013
14/12/2015,961
15/12/2015,1076
16/12/2015,986
17/12/2015,845
18/12/2015,876
19/12/2015,978
20/12/2015,1023
21/12/2015,990
22/12/2015,934
23/12/2015,835
24/12/2015,557
25/12/2015,536
26/12/2015,616
27/12/2015,654
28/12/2015,721
29/12/2015,725
30/12/2015,632
31/12/2015,476
01/01/2016,579
02/01/2016,604
03/01/2016,617
04/01/2016,642
05/01/2016,601
06/01/2016,610
07/01/2016,744
08/01/2016,655
09/01/2016,768
10/01/2016,802
11/01/2016,711
12/01/2016,739
13/01/2016,766
14/01/2016,728
15/01/2016,628
16/01/2016,538
17/01/2016,577
18/01/2016,614
19/01/2016,625
20/01/2016,582
21/01/2016,578
22/01/2016,580
23/01/2016,626
24/01/2016,597
25/01/2016,575
26/01/2016,527
27/01/2016,557
28/01/2016,524
29/01/2016,533
30/01/2016,550
31/01/2016,613
01/02/2016,592
02/02/2016,604
03/02/2016,628
04/02/2016,576
05/02/2016,592
06/02/2016,490
07/02/2016,529
08/02/2016,600
09/02/2016,635
10/02/2016,561
11/02/2016,564
12/02/2016,609
13/02/2016,542
14/02/2016,667
15/02/2016,738
16/02/2016,654
17/02/2016,612
18/02/2016,639
19/02/2016,628
20/02/2016,565
21/02/2016,734
22/02/2016,640
23/02/2016,652
24/02/2016,684
25/02/2016,769
26/02/2016,647
27/02/2016,667
28/02/2016,746
29/02/2016,667
01/03/2016,700
02/03/2016,633
03/03/2016,587
04/03/2016,523
05/03/2016,539
06/03/2016,586
07/03/2016,685
08/03/2016,673
09/03/2016,712
10/03/2016,697
11/03/2016,564
12/03/2016,563
13/03/2016,604
14/03/2016,644
15/03/2016,628
16/03/2016,655
17/03/2016,584
18/03/2016,600
19/03/2016,476
20/03/2016,497
21/03/2016,558
22/03/2016,590
23/03/2016,617
24/03/2016,608
25/03/2016,498
26/03/2016,580
27/03/2016,546
28/03/2016,501
29/03/2016,568
30/03/2016,549
31/03/2016,679
01/04/2016,609
02/04/2016,589
03/04/2016,564
04/04/2016,738
05/04/2016,656
06/04/2016,674
07/04/2016,724
08/04/2016,746
09/04/2016,645
10/04/2016,554
11/04/2016,655
12/04/2016,631
13/04/2016,678
14/04/2016,630
15/04/2016,606
16/04/2016,494
17/04/2016,629
18/04/2016,652
19/04/2016,616
20/04/2016,710
21/04/2016,691
22/04/2016,676
23/04/2016,552
24/04/2016,621
25/04/2016,621
26/04/2016,668
27/04/2016,676
28/04/2016,649
29/04/2016,572
30/04/2016,495
01/05/2016,587
02/05/2016,585
03/05/2016,619
04/05/2016,602
05/05/2016,650
06/05/2016,544
07/05/2016,537
08/05/2016,591
09/05/2016,599
10/05/2016,673
11/05/2016,674
12/05/2016,588
13/05/2016,561
14/05/2016,660
15/05/2016,598
16/05/2016,703
17/05/2016,727
18/05/2016,702
19/05/2016,676
20/05/2016,584
21/05/2016,513
22/05/2016,568
23/05/2016,698
24/05/2016,690
25/05/2016,602
26/05/2016,672
27/05/2016,593
28/05/2016,501
29/05/2016,574
30/05/2016,562
31/05/2016,608
01/06/2016,612
02/06/2016,622
03/06/2016,529
04/06/2016,546
05/06/2016,519
06/06/2016,564
07/06/2016,626
08/06/2016,697
09/06/2016,628
10/06/2016,614
11/06/2016,450
12/06/2016,573
13/06/2016,645
14/06/2016,631
15/06/2016,616
16/06/2016,643
17/06/2016,600
18/06/2016,535
19/06/2016,601
20/06/2016,647
21/06/2016,636
22/06/2016,727
23/06/2016,665
24/06/2016,574
25/06/2016,507
26/06/2016,598
27/06/2016,658
28/06/2016,674
29/06/2016,736
30/06/2016,658
01/07/2016,612
02/07/2016,510
03/07/2016,589
04/07/2016,600
05/07/2016,556
06/07/2016,561
07/07/2016,554
08/07/2016,534
09/07/2016,459
10/07/2016,480
11/07/2016,638
12/07/2016,650
13/07/2016,598
14/07/2016,602
15/07/2016,579
16/07/2016,470
17/07/2016,508
18/07/2016,642
19/07/2016,586
20/07/2016,685
21/07/2016,555
22/07/2016,602
23/07/2016,506
24/07/2016,523
25/07/2016,599
26/07/2016,635
27/07/2016,696
28/07/2016,648
29/07/2016,600
30/07/2016,473
31/07/2016,556
01/08/2016,630
02/08/2016,658
03/08/2016,718
04/08/2016,619
05/08/2016,596
06/08/2016,499
07/08/2016,555
08/08/2016,723
09/08/2016,666
10/08/2016,679
11/08/2016,729
12/08/2016,633
13/08/2016,476
14/08/2016,554
15/08/2016,646
16/08/2016,677
17/08/2016,699
18/08/2016,746
19/08/2016,604
20/08/2016,548
21/08/2016,607
22/08/2016,921
23/08/2016,990
24/08/2016,744
25/08/2016,928
26/08/2016,687
27/08/2016,600
28/08/2016,729
29/08/2016,781
30/08/2016,759
31/08/2016,849
01/09/2016,728
02/09/2016,697
03/09/2016,635
04/09/2016,695
05/09/2016,712
06/09/2016,830
07/09/2016,912
08/09/2016,995
09/09/2016,777
10/09/2016,683
11/09/2016,702
12/09/2016,823
13/09/2016,827
14/09/2016,857
15/09/2016,865
16/09/2016,731
17/09/2016,699
18/09/2016,785
19/09/2016,838
20/09/2016,857
21/09/2016,939
22/09/2016,822
23/09/2016,824
24/09/2016,780
25/09/2016,858
26/09/2016,833
27/09/2016,952
28/09/2016,966
29/09/2016,975
30/09/2016,751
01/10/2016,734
02/10/2016,847
03/10/2016,973
04/10/2016,982
05/10/2016,1017
06/10/2016,906
07/10/2016,747
08/10/2016,692
09/10/2016,795
10/10/2016,889
11/10/2016,915
12/10/2016,881
13/10/2016,907
14/10/2016,766
15/10/2016,792
16/10/2016,840
17/10/2016,941
18/10/2016,1014
19/10/2016,887
20/10/2016,972
21/10/2016,858
22/10/2016,783
23/10/2016,847
24/10/2016,957
25/10/2016,963
26/10/2016,896
27/10/2016,982
28/10/2016,694
29/10/2016,650
30/10/2016,839
31/10/2016,860
01/11/2016,953
02/11/2016,879
03/11/2016,1002
04/11/2016,829
05/11/2016,812
06/11/2016,864
07/11/2016,990
08/11/2016,999
09/11/2016,887
10/11/2016,962
11/11/2016,908
12/11/2016,810
13/11/2016,935
14/11/2016,992
15/11/2016,1011
16/11/2016,975
17/11/2016,1043
18/11/2016,834
19/11/2016,892
20/11/2016,996
21/11/2016,927
22/11/2016,1095
23/11/2016,1053
24/11/2016,906
25/11/2016,827
26/11/2016,870
27/11/2016,982
28/11/2016,1117
29/11/2016,1020
30/11/2016,1083
01/12/2016,1010
02/12/2016,943
03/12/2016,911
04/12/2016,904
05/12/2016,1005
06/12/2016,1047
07/12/2016,1028
08/12/2016,961
09/12/2016,844
10/12/2016,1080
11/12/2016,952
12/12/2016,949
13/12/2016,1055
14/12/2016,959
15/12/2016,938
16/12/2016,876
17/12/2016,794
18/12/2016,823
19/12/2016,1030
20/12/2016,1006
21/12/2016,927
22/12/2016,890
23/12/2016,774
24/12/2016,678
25/12/2016,709
26/12/2016,889
27/12/2016,924
28/12/2016,970
29/12/2016,910
30/12/2016,833
31/12/2016,608
01/01/2017,652
02/01/2017,916
03/01/2017,917
04/01/2017,981
05/01/2017,871
06/01/2017,842
07/01/2017,797
08/01/2017,788
09/01/2017,876
10/01/2017,954
11/01/2017,904
12/01/2017,1043
13/01/2017,948
14/01/2017,813
15/01/2017,996
16/01/2017,1081
17/01/2017,1147
18/01/2017,1124
19/01/2017,1057
20/01/2017,920
21/01/2017,948
22/01/2017,1016
23/01/2017,1195
24/01/2017,1216
25/01/2017,1207
26/01/2017,1168
27/01/2017,926
28/01/2017,1045
29/01/2017,1029
30/01/2017,1205
31/01/2017,1213
01/02/2017,1229
02/02/2017,1211
03/02/2017,1105
04/02/2017,889
05/02/2017,1122
06/02/2017,1221
07/02/2017,1173
08/02/2017,1155
09/02/2017,1113
10/02/2017,1017
11/02/2017,979
12/02/2017,1130
13/02/2017,1166
14/02/2017,1088
15/02/2017,1145
16/02/2017,1191
17/02/2017,1057
18/02/2017,1133
19/02/2017,1167
20/02/2017,1287
21/02/2017,1305
22/02/2017,1180
23/02/2017,1192
24/02/2017,1142
25/02/2017,960
26/02/2017,1024
27/02/2017,1089
28/02/2017,1145
01/03/2017,1137
02/03/2017,1194
03/03/2017,1019
04/03/2017,1011
05/03/2017,1004
06/03/2017,1108
07/03/2017,1115
08/03/2017,1181
09/03/2017,1196
10/03/2017,1025
11/03/2017,1033
12/03/2017,1008
13/03/2017,1141
14/03/2017,1226
15/03/2017,1250
16/03/2017,1185
17/03/2017,1117
18/03/2017,1070
19/03/2017,1136
20/03/2017,1045
21/03/2017,1277
22/03/2017,1151
23/03/2017,1184
24/03/2017,988
25/03/2017,938
26/03/2017,1208
27/03/2017,1224
28/03/2017,1177
29/03/2017,1131
30/03/2017,1115
31/03/2017,1054
01/04/2017,1050
02/04/2017,1109
03/04/2017,1126
04/04/2017,1149
05/04/2017,1149
06/04/2017,1169
07/04/2017,1044
08/04/2017,838
09/04/2017,986
10/04/2017,1133
11/04/2017,1162
12/04/2017,1073
13/04/2017,1006
14/04/2017,936
15/04/2017,831
16/04/2017,873
17/04/2017,1086
18/04/2017,1118
19/04/2017,1087
20/04/2017,1113
21/04/2017,994
22/04/2017,883
23/04/2017,955
24/04/2017,1137
25/04/2017,1122
26/04/2017,1297
27/04/2017,1086
28/04/2017,922
29/04/2017,845
30/04/2017,784
01/05/2017,1121
02/05/2017,998
03/05/2017,1087
04/05/2017,1037
05/05/2017,1002
06/05/2017,876
07/05/2017,932
08/05/2017,1022
09/05/2017,1108
10/05/2017,1090
11/05/2017,1023
12/05/2017,1023
13/05/2017,805
14/05/2017,882
15/05/2017,1030
16/05/2017,996
17/05/2017,1016
18/05/2017,1020
19/05/2017,977
20/05/2017,803
21/05/2017,861
22/05/2017,1083
23/05/2017,1009
24/05/2017,1041
25/05/2017,1068
26/05/2017,940
27/05/2017,866
28/05/2017,862
29/05/2017,944
30/05/2017,1062
31/05/2017,1075
01/06/2017,1000
02/06/2017,884
03/06/2017,828
04/06/2017,886
05/06/2017,1075
06/06/2017,1015
07/06/2017,1060
08/06/2017,1050
09/06/2017,901
10/06/2017,766
11/06/2017,930
12/06/2017,998
13/06/2017,878
14/06/2017,1020
15/06/2017,933
16/06/2017,798
17/06/2017,793
18/06/2017,820
19/06/2017,995
20/06/2017,922
21/06/2017,936
22/06/2017,885
23/06/2017,810
24/06/2017,747
25/06/2017,776
26/06/2017,888
27/06/2017,978
28/06/2017,910
29/06/2017,907
30/06/2017,747
01/07/2017,638
02/07/2017,767
03/07/2017,864
04/07/2017,932
05/07/2017,937
06/07/2017,939
07/07/2017,803
08/07/2017,700
09/07/2017,845
10/07/2017,942
11/07/2017,1108
12/07/2017,1102
13/07/2017,997
14/07/2017,903
15/07/2017,734
16/07/2017,853
17/07/2017,1082
18/07/2017,1100
19/07/2017,1162
20/07/2017,1142
21/07/2017,923
22/07/2017,740
23/07/2017,848
24/07/2017,918
25/07/2017,1005
26/07/2017,1038
27/07/2017,999
28/07/2017,877
29/07/2017,802
30/07/2017,901
31/07/2017,1129
01/08/2017,1111
02/08/2017,1027
03/08/2017,1105
04/08/2017,994
05/08/2017,848
06/08/2017,890
07/08/2017,1099
08/08/2017,1159
09/08/2017,1227
10/08/2017,1200
11/08/2017,1018
12/08/2017,879
13/08/2017,1022
14/08/2017,1123
15/08/2017,1042
16/08/2017,1187
17/08/2017,1175
18/08/2017,1072
19/08/2017,941
20/08/2017,1008
21/08/2017,1090
22/08/2017,1283
23/08/2017,1148
24/08/2017,1116
25/08/2017,1013
26/08/2017,949
27/08/2017,1012
28/08/2017,1234
29/08/2017,1196
30/08/2017,1223
31/08/2017,1127
01/09/2017,964
02/09/2017,900
03/09/2017,985
04/09/2017,1240
05/09/2017,1309
06/09/2017,1311
07/09/2017,1389
08/09/2017,1146
09/09/2017,1033
10/09/2017,1066
11/09/2017,1357
12/09/2017,1301
13/09/2017,1344
14/09/2017,1374
15/09/2017,1318
16/09/2017,1147
17/09/2017,1261
18/09/2017,1357
19/09/2017,1388
20/09/2017,1427
21/09/2017,1379
22/09/2017,1179
23/09/2017,1099
24/09/2017,1255
25/09/2017,1327
26/09/2017,1422
27/09/2017,1490
28/09/2017,1261
29/09/2017,1182
30/09/2017,1074
01/10/2017,1241
02/10/2017,1377
03/10/2017,1530
04/10/2017,1492
05/10/2017,1523
06/10/2017,1351
07/10/2017,1351
08/10/2017,1457
09/10/2017,1637
10/10/2017,1576
11/10/2017,1417
12/10/2017,1439
13/10/2017,1219
14/10/2017,1185
15/10/2017,1216
16/10/2017,1442
17/10/2017,1399
18/10/2017,1282
19/10/2017,1288
20/10/2017,1208
21/10/2017,997
22/10/2017,1339
23/10/2017,1487
24/10/2017,1522
25/10/2017,1465
26/10/2017,1325
27/10/2017,1224
28/10/2017,1099
29/10/2017,1233
30/10/2017,1349
31/10/2017,1335
01/11/2017,1431
02/11/2017,1302
03/11/2017,1220
04/11/2017,1165
05/11/2017,1345
06/11/2017,1450
07/11/2017,1491
08/11/2017,1702
09/11/2017,1522
10/11/2017,1320
11/11/2017,1220
12/11/2017,1505
13/11/2017,1490
14/11/2017,1690
15/11/2017,1648
16/11/2017,1406
17/11/2017,1332
18/11/2017,1197
19/11/2017,1354
20/11/2017,1425
21/11/2017,1469
22/11/2017,1475
23/11/2017,1318
24/11/2017,1126
25/11/2017,1034
26/11/2017,1245
27/11/2017,1344
28/11/2017,1305
29/11/2017,1298
30/11/2017,1147
01/12/2017,1077
02/12/2017,987
03/12/2017,1187
04/12/2017,1346
05/12/2017,1300
06/12/2017,1288
07/12/2017,1205
08/12/2017,968
09/12/2017,935
10/12/2017,1084
11/12/2017,1252
12/12/2017,1209
13/12/2017,1255
14/12/2017,1230
15/12/2017,1046
16/12/2017,858
17/12/2017,1130
18/12/2017,1111
19/12/2017,1046
20/12/2017,1122
21/12/2017,1020
22/12/2017,831
23/12/2017,714
24/12/2017,709
25/12/2017,795
26/12/2017,1036
27/12/2017,987
28/12/2017,928
29/12/2017,820
30/12/2017,754
31/12/2017,608
01/01/2018,725
02/01/2018,1011
03/01/2018,1149
04/01/2018,1087
05/01/2018,965
06/01/2018,871
07/01/2018,1072
08/01/2018,1132
09/01/2018,1244
10/01/2018,1224
11/01/2018,1222
12/01/2018,1250
13/01/2018,1156
14/01/2018,1136
15/01/2018,1171
16/01/2018,1308
17/01/2018,1469
18/01/2018,1430
19/01/2018,1258
20/01/2018,1146
21/01/2018,1337
22/01/2018,1410
23/01/2018,1481
24/01/2018,1325
25/01/2018,1342
26/01/2018,1205
27/01/2018,1049
28/01/2018,1452
29/01/2018,1973
30/01/2018,1644
31/01/2018,1403
01/02/2018,1478
02/02/2018,1317
03/02/2018,1125
04/02/2018,1378
05/02/2018,1605
06/02/2018,1820
07/02/2018,1652
08/02/2018,1532
09/02/2018,1527
10/02/2018,1402
11/02/2018,1454
12/02/2018,1620
13/02/2018,1467
14/02/2018,1491
15/02/2018,1549
16/02/2018,1403
17/02/2018,1199
18/02/2018,1765
19/02/2018,1676
20/02/2018,1590
21/02/2018,1584
22/02/2018,1647
23/02/2018,1362
24/02/2018,1287
25/02/2018,1463
26/02/2018,1484
27/02/2018,1553
28/02/2018,1637
01/03/2018,1513
02/03/2018,1404
03/03/2018,1387
04/03/2018,1527
05/03/2018,1784
06/03/2018,1631
07/03/2018,1692
08/03/2018,1577
09/03/2018,1442
10/03/2018,1307
11/03/2018,1387
12/03/2018,1586
13/03/2018,1705
14/03/2018,1629
15/03/2018,1756
16/03/2018,1476
17/03/2018,1235
18/03/2018,1572
19/03/2018,1630
20/03/2018,1631
21/03/2018,1593
22/03/2018,1585
23/03/2018,1308
24/03/2018,1190
25/03/2018,1415
26/03/2018,1520
27/03/2018,1450
28/03/2018,1476
29/03/2018,1307
30/03/2018,1226
31/03/2018,1125
01/04/2018,1255
02/04/2018,1400
03/04/2018,1568
04/04/2018,1486
05/04/2018,1484
06/04/2018,1278
07/04/2018,1116
08/04/2018,1365
09/04/2018,1364
10/04/2018,1461
11/04/2018,1440
12/04/2018,1508
13/04/2018,1328
14/04/2018,1297
15/04/2018,1466
16/04/2018,1527
17/04/2018,1521
18/04/2018,1601
19/04/2018,1435
20/04/2018,1289
21/04/2018,1240
22/04/2018,1428
23/04/2018,1537
24/04/2018,1454
25/04/2018,1578
26/04/2018,1394
27/04/2018,1332
28/04/2018,1142
29/04/2018,1285
30/04/2018,1166
01/05/2018,1269
02/05/2018,1263
03/05/2018,1195
04/05/2018,1143
05/05/2018,990
06/05/2018,1206
07/05/2018,1300
08/05/2018,1351
09/05/2018,1335
10/05/2018,1277
11/05/2018,1092
12/05/2018,988
13/05/2018,1248
14/05/2018,1344
15/05/2018,1496
16/05/2018,1266
17/05/2018,1247
18/05/2018,1085
19/05/2018,1045
20/05/2018,1070
21/05/2018,1296
22/05/2018,1357
23/05/2018,1367
24/05/2018,1375
25/05/2018,1087
26/05/2018,1025
27/05/2018,1096
28/05/2018,1283
29/05/2018,1370
30/05/2018,1326
31/05/2018,1269
01/06/2018,1208
02/06/2018,997
03/06/2018,1121
04/06/2018,1256
05/06/2018,1281
06/06/2018,1366
07/06/2018,1289
08/06/2018,1208
09/06/2018,1088
10/06/2018,1148
11/06/2018,1372
12/06/2018,1352
13/06/2018,1357
14/06/2018,1362
15/06/2018,1090
16/06/2018,919
17/06/2018,1027
18/06/2018,1243
19/06/2018,1384
20/06/2018,1373
21/06/2018,1376
22/06/2018,1098
23/06/2018,966
24/06/2018,978
25/06/2018,1209
26/06/2018,1170
27/06/2018,1270
28/06/2018,1188
29/06/2018,1021
30/06/2018,885
01/07/2018,1103
02/07/2018,1167
03/07/2018,1209
04/07/2018,1122
05/07/2018,1217
06/07/2018,1139
07/07/2018,891
08/07/2018,962
09/07/2018,1130
10/07/2018,1151
11/07/2018,1201
12/07/2018,1235
13/07/2018,944
14/07/2018,847
15/07/2018,1028
16/07/2018,1090
17/07/2018,1256
18/07/2018,1139
19/07/2018,1065
20/07/2018,896
21/07/2018,845
22/07/2018,963
23/07/2018,1077
24/07/2018,1217
25/07/2018,1078
26/07/2018,1100
27/07/2018,1230
28/07/2018,802
29/07/2018,953
30/07/2018,1022
31/07/2018,1135
01/08/2018,1156
02/08/2018,1146
03/08/2018,1023
04/08/2018,871
05/08/2018,1034
06/08/2018,1198
07/08/2018,1257
08/08/2018,1313
09/08/2018,1232
10/08/2018,1108
11/08/2018,892
12/08/2018,1036
13/08/2018,1303
14/08/2018,1195
15/08/2018,1213
16/08/2018,1157
17/08/2018,1063
18/08/2018,1047
19/08/2018,1078
20/08/2018,1197
21/08/2018,1227
22/08/2018,1332
23/08/2018,1275
24/08/2018,1098
25/08/2018,1028
26/08/2018,1087
27/08/2018,1363
28/08/2018,1365
29/08/2018,1457
30/08/2018,1350
31/08/2018,1192
01/09/2018,1102
02/09/2018,1286
03/09/2018,1528
04/09/2018,1448
05/09/2018,1587
06/09/2018,1696
07/09/2018,1610
08/09/2018,1265
09/09/2018,1552
10/09/2018,1493
11/09/2018,1585
12/09/2018,1565
13/09/2018,1576
14/09/2018,1419
15/09/2018,1302
16/09/2018,1496
17/09/2018,1694
18/09/2018,1753
19/09/2018,1902
20/09/2018,1688
21/09/2018,1481
22/09/2018,1310
23/09/2018,1516
24/09/2018,1746
25/09/2018,1874
26/09/2018,1801
27/09/2018,1826
28/09/2018,1466
29/09/2018,1319
30/09/2018,1670
01/10/2018,1668
02/10/2018,1748
03/10/2018,1810
04/10/2018,1818
05/10/2018,1545
06/10/2018,1443
07/10/2018,1701
08/10/2018,1846
09/10/2018,1816
10/10/2018,1876
11/10/2018,1798
12/10/2018,1511
13/10/2018,1368
14/10/2018,1664
15/10/2018,1847
16/10/2018,1655
17/10/2018,1686
18/10/2018,1711
19/10/2018,1554
20/10/2018,1434
21/10/2018,1861
22/10/2018,1842
23/10/2018,1860
24/10/2018,2355
25/10/2018,2003
26/10/2018,1542
27/10/2018,1491
28/10/2018,1746
29/10/2018,1920
30/10/2018,1899
31/10/2018,1939
01/11/2018,1924
02/11/2018,1528
03/11/2018,1495
04/11/2018,1725
05/11/2018,1763
06/11/2018,1957
07/11/2018,1705
08/11/2018,1641
09/11/2018,1518
10/11/2018,1462
11/11/2018,1579
12/11/2018,1962
13/11/2018,1933
14/11/2018,2033
15/11/2018,1971
16/11/2018,1787
17/11/2018,1398
18/11/2018,1717
19/11/2018,1675
20/11/2018,1698
21/11/2018,1810
22/11/2018,1676
23/11/2018,1389
24/11/2018,1409
25/11/2018,1610
26/11/2018,1747
27/11/2018,1947
28/11/2018,1919
29/11/2018,1689
30/11/2018,1556
01/12/2018,1561
02/12/2018,1708
03/12/2018,1783
04/12/2018,1768
05/12/2018,1717
06/12/2018,1775
07/12/2018,1607
08/12/2018,1626
09/12/2018,1710
10/12/2018,1736
11/12/2018,1757
12/12/2018,1729
13/12/2018,1653
14/12/2018,1497
15/12/2018,1231
16/12/2018,1458
17/12/2018,1589
18/12/2018,1505
19/12/2018,1340
20/12/2018,1377
21/12/2018,1161
22/12/2018,1061
23/12/2018,1249
24/12/2018,1186
25/12/2018,1124
26/12/2018,1137
27/12/2018,1374
28/12/2018,1135
29/12/2018,1090
30/12/2018,1212
31/12/2018,968
01/01/2019,962
02/01/2019,1468
03/01/2019,1402
04/01/2019,1461
05/01/2019,1314
06/01/2019,1350
07/01/2019,1504
08/01/2019,1639
09/01/2019,1517
10/01/2019,1560
11/01/2019,1516
12/01/2019,1389
13/01/2019,1654
14/01/2019,1638
15/01/2019,1770
16/01/2019,1625
17/01/2019,1580
18/01/2019,1413
19/01/2019,1247
20/01/2019,1395
21/01/2019,1799
22/01/2019,1547
23/01/2019,1747
24/01/2019,1657
25/01/2019,1389
26/01/2019,1381
27/01/2019,1601
28/01/2019,1703
29/01/2019,1799
30/01/2019,1767
31/01/2019,1852
01/02/2019,1755
02/02/2019,1660
03/02/2019,2039
04/02/2019,1979
05/02/2019,1871
06/02/2019,1899
07/02/2019,1858
08/02/2019,1705
09/02/2019,1668
10/02/2019,1684
11/02/2019,1861
12/02/2019,2164
13/02/2019,1954
14/02/2019,1894
15/02/2019,1656
16/02/2019,1553
17/02/2019,2060
18/02/2019,2269
19/02/2019,2064
20/02/2019,2300
21/02/2019,1913
22/02/2019,1927
23/02/2019,1819
24/02/2019,2011
25/02/2019,2225
26/02/2019,2226
27/02/2019,2197
28/02/2019,2172
01/03/2019,1937
02/03/2019,1861
03/03/2019,2066
04/03/2019,2130
05/03/2019,2264
06/03/2019,2426
07/03/2019,2283
08/03/2019,2115
09/03/2019,1981
